{
    "description": {
        "translate": "enchantment.enchantplus.pull",
        "fallback": "Pull"
    },
    "exclusive_set": "#enchantplus:exclusive_set/sword_effect",
    "supported_items": "#minecraft:enchantable/weapon",
    "primary_items": "#minecraft:enchantable/sword",
    "weight": 1,
    "max_level": 1,
    "min_cost": {
        "base": 40,
        "per_level_above_first": 15
    },
    "max_cost": {
        "base": 50,
        "per_level_above_first": 15
    },
    "anvil_cost": 6,
    "slots": ["mainhand"]
}
